{
  "_generated": "Generated by SweetTooth, do not edit",
  "description": "Extend Gnome Shell with advanced tiling window management. Supports multiple monitors, Windows 11 Snap Assistant, Fancy Zones, customised tiling layouts and more.",
  "donations": {
    "kofi": "domferr"
  },
  "name": "Tiling Shell",
  "settings-schema": "org.gnome.shell.extensions.tilingshell",
  "shell-version": [
    "45",
    "46"
  ],
  "url": "https://github.com/domferr/tilingshell",
  "uuid": "tilingshell@ferrarodomenico.com",
  "version": 18,
  "version-name": "11.1"
}