<?xml version="1.0" encoding="UTF-8"?>
<schemalist gettext-domain="arcmenu">
    <enum id='org.gnome.shell.extensions.arcmenu.menulayout'>
        <value value='0' nick='Default'/>
        <value value='1' nick='Brisk'/>
        <value value='2' nick='Whisker'/>
        <value value='3' nick='GnomeMenu'/>
        <value value='4' nick='Mint'/>
        <value value='5' nick='Elementary'/>
        <value value='6' nick='GnomeOverview'/>
        <value value='7' nick='Redmond'/>
        <value value='8' nick='Unity'/>
        <value value='9' nick='Budgie'/>
        <value value='10' nick='Insider'/>
        <value value='11' nick='Runner'/>
        <value value='12' nick='Chromebook'/>
        <value value='13' nick='Raven'/>
        <value value='14' nick='Tognee'/>
        <value value='15' nick='Plasma'/>
        <value value='16' nick='Windows'/>
        <value value='17' nick='Eleven'/>
        <value value='18' nick='AZ'/>
        <value value='19' nick='Enterprise'/>
        <value value='20' nick='Pop'/>
        <value value='21' nick='Sleek'/>
    </enum>
    <enum id='org.gnome.shell.extensions.arcmenu.forcemenulocation'>
        <value value='0' nick='Off'/>
        <value value='1' nick='TopCentered'/>
        <value value='2' nick='BottomCentered'/>
    </enum>
    <enum id='org.gnome.shell.extensions.arcmenu.menu-position'>
        <value value="0" nick="Left"/>
        <value value="1" nick="Center"/>
        <value value="2" nick="Right"/>
    </enum>
    <enum id='org.gnome.shell.extensions.arcmenu.menu-button-click-action'>
        <value value="0" nick="ArcMenu"/>
        <value value="1" nick="ContextMenu"/>
        <value value="2" nick="None"/>
    </enum>
    <enum id='org.gnome.shell.extensions.arcmenu.raven-position'>
        <value value="0" nick="Left"/>
        <value value="1" nick="Right"/>
    </enum>
    <enum id='org.gnome.shell.extensions.arcmenu.menu-button-appearance'>
        <value value="0" nick="Icon"/>
        <value value="1" nick="Text"/>
        <value value="2" nick="Icon_Text"/>
        <value value="3" nick="Text_Icon"/>
        <value value="4" nick="None"/>
    </enum>
    <enum id='org.gnome.shell.extensions.arcmenu.avatar-style'>
        <value value="0" nick="Round"/>
        <value value="1" nick="Square"/>
    </enum>
    <enum id='org.gnome.shell.extensions.arcmenu.menu-button-icon'>
        <value value="0" nick="Menu_Icon"/>
        <value value="1" nick="Distro_Icon"/>
        <value value="2" nick="Custom_Icon"/>
    </enum>
    <enum id='org.gnome.shell.extensions.arcmenu.default-menu-view'>
        <value value="0" nick="Pinned_Apps"/>
        <value value="1" nick="Categories_List"/>
        <value value="2" nick="Frequent_Apps"/>
        <value value="3" nick="All_Programs"/>
    </enum>
    <enum id='org.gnome.shell.extensions.arcmenu.all-apps-button-action'>
        <value value="0" nick="Categories_List"/>
        <value value="1" nick="All_Programs"/>
    </enum>
    <enum id='org.gnome.shell.extensions.arcmenu.default-menu-view-tognee'>
        <value value="0" nick="Categories_List"/>
        <value value="1" nick="All_Programs"/>
    </enum>
    <enum id='org.gnome.shell.extensions.arcmenu.default-menu-view-redmond'>
        <value value="0" nick="All_Programs"/>
        <value value="1" nick="Pinned_Apps"/>
    </enum>
    <enum id='org.gnome.shell.extensions.arcmenu.runner-position'>
        <value value="0" nick="Top"/>
        <value value="1" nick="Centered"/>
    </enum>
    <enum id='org.gnome.shell.extensions.arcmenu.search-display-style'>
        <value value="0" nick="List"/>
        <value value="1" nick="Grid"/>
    </enum>
    <enum id='org.gnome.shell.extensions.arcmenu.searchbar-location'>
        <value value="0" nick="Bottom"/>
        <value value="1" nick="Top"/>
    </enum>
    <enum id='org.gnome.shell.extensions.arcmenu.menuitem-location'>
        <value value="0" nick="Bottom"/>
        <value value="1" nick="Top"/>
    </enum>
    <enum id='org.gnome.shell.extensions.arcmenu.power-display-style'>
        <value value="0" nick="Default"/>
        <value value="1" nick="In_Line"/>
        <value value="2" nick="Menu"/>
    </enum>
    <enum id='org.gnome.shell.extensions.arcmenu.icon-sizes'>
        <value value="0" nick="Default"/>
        <value value="1" nick="ExtraSmall"/>
        <value value="2" nick="Small"/>
        <value value="3" nick="Medium"/>
        <value value="4" nick="Large"/>
        <value value="5" nick="Extralarge"/>
        <value value="6" nick="Hidden"/>
    </enum>
    <enum id='org.gnome.shell.extensions.arcmenu.grid-icon-sizes'>
        <value value="0" nick="Default"/>
        <value value="1" nick="Small"/>
        <value value="2" nick="Medium"/>
        <value value="3" nick="Large"/>
        <value value="4" nick="Small_Rect"/>
        <value value="5" nick="Medium_Rect"/>
        <value value="6" nick="Large_Rect"/>
        <value value="7" nick="Custom"/>
    </enum>
    <enum id='org.gnome.shell.extensions.arcmenu.category-icon-type'>
        <value value="0" nick="Full_Color"/>
        <value value="1" nick="Symbolic"/>
    </enum>
  <schema id="org.gnome.shell.extensions.arcmenu.pinned-apps-folders">
    <key name="pinned-apps" type="aa{ss}">
      <default>[]</default>
      <summary>Pinned Apps in the folder</summary>
    </key>
  </schema>
  <schema path="/org/gnome/shell/extensions/arcmenu/" id="org.gnome.shell.extensions.arcmenu">
    <key type="i" name="menu-position-alignment">
      <default>50</default>
      <summary>Menu position alignment</summary>
    </key>
    <key name="menu-layout" enum="org.gnome.shell.extensions.arcmenu.menulayout">
      <default>'Default'</default>
      <summary>menu layout</summary>
    </key>
    <key type="b" name="override-menu-theme">
      <default>false</default>
      <summary>Override ArcMenu theme</summary>
    </key>
    <key type="s" name="menu-background-color">
      <default>"rgba(48,48,49,0.98)"</default>
      <summary>ArcMenu background color. Active when 'override-menu-theme' enabled.</summary>
    </key>
    <key type="s" name="menu-foreground-color">
      <default>"rgb(223,223,223)"</default>
      <summary>ArcMenu foreground color. Active when 'override-menu-theme' enabled.</summary>
    </key>
    <key type="s" name="menu-border-color">
      <default>"rgb(60,60,60)"</default>
      <summary>ArcMenu border color. Active when 'override-menu-theme' enabled.</summary>
    </key>
    <key type="i" name="menu-border-width">
      <default>1</default>
      <summary>ArcMenu border width. Active when 'override-menu-theme' enabled.</summary>
    </key>
    <key type="i" name="menu-border-radius">
      <default>14</default>
      <summary>ArcMenu border radius. Active when 'override-menu-theme' enabled.</summary>
    </key>
    <key type="i" name="menu-font-size">
      <default>11</default>
      <summary>ArcMenu font size. Active when 'override-menu-theme' enabled.</summary>
    </key>
    <key type="s" name="menu-separator-color">
      <default>"rgba(255,255,255,0.1)"</default>
      <summary>ArcMenu separator color. Active when 'override-menu-theme' enabled.</summary>
    </key>
    <key type="s" name="menu-item-hover-bg-color">
      <default>"rgb(21,83,158)"</default>
      <summary>ArcMenu menu item hover bg color. Active when 'override-menu-theme' enabled.</summary>
    </key>
    <key type="s" name="menu-item-hover-fg-color">
      <default>"rgb(255,255,255)"</default>
      <summary>ArcMenu menu item hover fg color. Active when 'override-menu-theme' enabled.</summary>
    </key>
    <key type="s" name="menu-item-active-bg-color">
      <default>"rgb(25,98,163)"</default>
      <summary>ArcMenu menu item active bg color. Active when 'override-menu-theme' enabled.</summary>
    </key>
    <key type="s" name="menu-item-active-fg-color">
      <default>"rgb(255,255,255)"</default>
      <summary>ArcMenu menu item active fg color. Active when 'override-menu-theme' enabled.</summary>
    </key>
    <key type="(bi)" name="menu-arrow-rise">
      <default>(false, 6)</default>
      <summary>ArcMenu distance from panel and screen edge.</summary>
    </key>
    <key type="(bs)" name="menu-button-fg-color">
      <default>(false, "rgb(242,242,242)")</default>
      <summary>ArcMenu menu button fg color.</summary>
    </key>
    <key type="(bs)" name="menu-button-bg-color">
      <default>(false, "rgba(242,242,242,0.2)")</default>
      <summary>ArcMenu menu button bg color.</summary>
    </key>
    <key type="(bi)" name="menu-button-border-radius">
      <default>(false, 20)</default>
      <summary>ArcMenu menu button border radius.</summary>
    </key>
    <key type="(bi)" name="menu-button-border-width">
      <default>(false, 3)</default>
      <summary>ArcMenu menu button border radius.</summary>
    </key>
    <key type="(bs)" name="menu-button-border-color">
      <default>(false, "transparent")</default>
      <summary>ArcMenu menu button hover bg color.</summary>
    </key>
    <key type="(bs)" name="menu-button-hover-bg-color">
      <default>(false, "rgba(242,242,242,0.15)")</default>
      <summary>ArcMenu menu button hover bg color.</summary>
    </key>
    <key type="(bs)" name="menu-button-hover-fg-color">
      <default>(false, "rgb(242,242,242)")</default>
      <summary>ArcMenu menu button hover fg color.</summary>
    </key>
    <key type="(bs)" name="menu-button-active-bg-color">
      <default>(false, "rgba(242,242,242,0.2)")</default>
      <summary>ArcMenu menu button active bg color.</summary>
    </key>
    <key type="(bs)" name="menu-button-active-fg-color">
      <default>(false, "rgb(242,242,242)")</default>
      <summary>ArcMenu menu button active fg color.</summary>
    </key>
    <key name="menu-themes" type="aas">
    <!--Order of elements in a theme:
        [Theme Name, menuBGColor, menuFGColor, menuBorderColor, menuBorderWidth, menuBorderRadius,
          menuFontSize, menuSeparatorColor, itemHoverBGColor, itemHoverFGColor, itemActiveBGColor, itemActiveFGColor]-->
      <default>[['ArcMenu Style', 'rgba(48,48,49,0.98)', 'rgb(223,223,223)', 'rgb(60,60,60)', '1', '14', '11',
                    'rgba(255,255,255,0.1)', 'rgb(21,83,158)', 'rgb(255,255,255)', 'rgb(25,98,163)', 'rgb(255,255,255)'],
                ['Simply Dark', 'rgba(28,28,28,0.98)', 'rgb(211,218,227)', 'rgb(63,62,64)', '1', '14', '11',
                    'rgb(63,62,64)', 'rgba(238,238,236,0.08)', 'rgb(255,255,255)', 'rgba(228,228,226,0.15)', 'rgb(255,255,255)'],
                ['Dark Blue', 'rgb(30,37,41)', 'rgb(189,230,251)', 'rgb(41,50,55)', '1', '14', '11',
                    'rgba(99,99,98,0.56)', 'rgba(189,230,251,0.08)', 'rgb(189,230,251)', 'rgba(189,230,251,0.15)', 'rgb(189,230,251)'],
                ['Light Blue', 'rgb(245,247,250)', 'rgb(18,51,84)', 'rgba(18,51,84,0.2)', '1', '14', '11',
                    'rgba(18,51,84,0.15)', 'rgba(18,51,84,0.08)', 'rgb(18,51,84)', 'rgba(18,51,84,0.15)', 'rgb(18,51,84)']]</default>
      <summary>List of color-themes</summary>
    </key>
    <key name="force-menu-location" enum="org.gnome.shell.extensions.arcmenu.forcemenulocation">
      <default>'Off'</default>
      <summary>Force the menu to a specific location</summary>
    </key>
    <key type="i" name="settings-width">
      <default>750</default>
      <summary>ArcMenu Settings Width</summary>
    </key>
    <key type="i" name="settings-height">
      <default>800</default>
      <summary>ArcMenu Settings Height</summary>
    </key>
    <key name="raven-search-display-style" enum="org.gnome.shell.extensions.arcmenu.search-display-style">
      <default>'Grid'</default>
      <summary>Raven Layout Search Display Style</summary>
    </key>
    <key name="raven-position" enum="org.gnome.shell.extensions.arcmenu.raven-position">
      <default>'Left'</default>
      <summary>Raven layout position. 'Left' or 'Right' side of screen</summary>
    </key>
    <key type="b" name="enable-weather-widget-raven">
      <default>true</default>
      <summary>Enable Weather Widget raven layout</summary>
    </key>
    <key type="b" name="enable-clock-widget-raven">
      <default>true</default>
      <summary>Enable Clocks Widget raven layout</summary>
    </key>
    <key type="b" name="enable-weather-widget-unity">
      <default>false</default>
      <summary>Enable Weather Widget Unity layout</summary>
    </key>
    <key type="b" name="enable-clock-widget-unity">
      <default>false</default>
      <summary>Enable Clocks Widget Unity layout</summary>
    </key>
    <key enum="org.gnome.shell.extensions.arcmenu.category-icon-type" name="category-icon-type">
      <default>'Symbolic'</default>
      <summary>Category icon type. Full_Color or Symbolic</summary>
    </key>
    <key enum="org.gnome.shell.extensions.arcmenu.category-icon-type" name="shortcut-icon-type">
      <default>'Symbolic'</default>
      <summary>Shortcut icon type. Full_Color or Symbolic</summary>
    </key>
    <key type="b" name="disable-scrollview-fade-effect">
      <default>false</default>
      <summary>disable the fade effect on scrollviews</summary>
    </key>
    <key type="b" name="apps-show-extra-details">
      <default>false</default>
      <summary>Show a larger icon and extra app details</summary>
    </key>
    <key type="i" name="max-search-results">
      <default>5</default>
      <summary>The amount of search results to display.</summary>
    </key>
    <key type="b" name="highlight-search-result-terms">
      <default>false</default>
      <summary>Highlight search results terms</summary>
    </key>
    <key type="b" name="show-search-result-details">
      <default>false</default>
      <summary>Show search result description label</summary>
    </key>
    <key type="b" name="search-provider-open-windows">
      <default>false</default>
      <summary>Show custom search provider - open windows</summary>
    </key>
    <key type="b" name="search-provider-recent-files">
      <default>false</default>
      <summary>Show custom search provider - recent files</summary>
    </key>
    <key type="(bi)" name="search-entry-border-radius">
      <default>(true, 25)</default>
      <summary>Search entry border radius</summary>
    </key>
    <key type="b" name="show-hidden-recent-files">
      <default>false</default>
      <summary>Show hidden recent files</summary>
    </key>
    <key type="b" name="activate-on-hover">
      <default>false</default>
      <summary>Activate Categories on Hover</summary>
    </key>
    <key type="b" name="disable-recently-installed-apps">
      <default>false</default>
      <summary>disable recently installed apps</summary>
    </key>
    <key type="b" name="disable-tooltips">
      <default>false</default>
      <summary>disable tooltips</summary>
    </key>
      <key type="b" name="show-category-sub-menus">
      <default>false</default>
      <summary>Show category sub menus.</summary>
    </key>
    <key type="b" name="alphabetize-all-programs">
      <default>true</default>
      <summary>Separate All Programs by a Character Listing</summary>
    </key>
    <key type="b" name="multi-lined-labels">
      <default>true</default>
      <summary>Multi-lined labels for large icon application grid layouts</summary>
    </key>
    <key enum="org.gnome.shell.extensions.arcmenu.default-menu-view" name="default-menu-view">
      <default>'Pinned_Apps'</default>
      <summary>Set ArcMenu Layout Default View</summary>
    </key>
    <key enum="org.gnome.shell.extensions.arcmenu.menu-button-click-action" name="menu-button-left-click-action">
      <default>'ArcMenu'</default>
      <summary>Left Click Action on the Menu Button</summary>
    </key>
    <key enum="org.gnome.shell.extensions.arcmenu.menu-button-click-action" name="menu-button-right-click-action">
      <default>'ContextMenu'</default>
      <summary>Right Click Action on the Menu Button</summary>
    </key>
    <key enum="org.gnome.shell.extensions.arcmenu.menu-button-click-action" name="menu-button-middle-click-action">
      <default>'ArcMenu'</default>
      <summary>Middle Click Action on the Menu Button</summary>
    </key>
    <key enum="org.gnome.shell.extensions.arcmenu.default-menu-view-tognee" name="default-menu-view-tognee">
      <default>'Categories_List'</default>
      <summary>Set Tognee Layout Default View</summary>
    </key>
    <key enum="org.gnome.shell.extensions.arcmenu.default-menu-view-redmond" name="default-menu-view-redmond">
      <default>'All_Programs'</default>
      <summary>Set Redmond Layout Default View</summary>
    </key>
    <key type="b" name="enable-unity-homescreen">
      <default>true</default>
      <summary>Set Unity layout to display "Home Screen" as default</summary>
    </key>
    <key type="b" name="disable-user-avatar">
      <default>false</default>
      <summary>Disable the user avatar icon from the menu</summary>
    </key>
    <key type="b" name="enable-activities-shortcut">
      <default>false</default>
      <summary>Enable an Activitities Overview Shortcut</summary>
    </key>
    <key enum="org.gnome.shell.extensions.arcmenu.searchbar-location" name="searchbar-default-bottom-location">
      <default>'Bottom'</default>
      <summary>Searchbar location for layouts with default searchbar on bottom</summary>
    </key>
    <key enum="org.gnome.shell.extensions.arcmenu.searchbar-location" name="searchbar-default-top-location">
      <default>'Top'</default>
      <summary>Searchbar location for layouts with default searchbar on top</summary>
    </key>
    <key type="b" name="enable-horizontal-flip">
      <default>false</default>
      <summary>Flip menu horizontally</summary>
    </key>
    <key enum="org.gnome.shell.extensions.arcmenu.all-apps-button-action" name="all-apps-button-action">
      <default>'Categories_List'</default>
      <summary>ArcMenu layout - 'All Apps' button action</summary>
    </key>
    <key type="b" name="windows-disable-frequent-apps">
      <default>false</default>
      <summary>Windows layout - disable frequent apps</summary>
    </key>
    <key type="b" name="windows-disable-pinned-apps">
      <default>false</default>
      <summary>Windows layout - disable pinned apps</summary>
    </key>
    <key type="b" name="gnome-dash-show-applications">
      <default>false</default>
      <summary>GNOME Dash Layout - Show Applications</summary>
    </key>
    <key type="b" name="plasma-enable-hover">
      <default>true</default>
      <summary>Plasma Menu Hover to activate item</summary>
    </key>
    <key type="b" name="runner-show-frequent-apps">
      <default>false</default>
      <summary>Runner layout - show frequent apps</summary>
    </key>
    <key type="i" name="runner-menu-height">
      <default>400</default>
      <summary>Runner layout - menu height</summary>
    </key>
    <key type="i" name="runner-menu-width">
      <default>500</default>
      <summary>Runner layout - menu width</summary>
    </key>
    <key type="i" name="runner-font-size">
      <default>0</default>
      <summary>Runner layout - font size</summary>
    </key>
    <key type="b" name="eleven-disable-frequent-apps">
      <default>false</default>
      <summary>Eleven Layout - disable frequent apps</summary>
    </key>
    <key type="b" name="vert-separator">
      <default>false</default>
      <summary>Enable a vertical separator</summary>
    </key>
    <key type="i" name="menu-height">
      <default>550</default>
      <summary>Menu Height</summary>
    </key>
    <key type="i" name="menu-width-adjustment">
      <default>0</default>
      <summary>Menu Width Adjustement.</summary>
    </key>
    <key type="i" name="left-panel-width">
      <default>290</default>
      <summary>Menu width</summary>
    </key>
    <key type="i" name="right-panel-width">
      <default>205</default>
      <summary>Right Panel width</summary>
    </key>
    <key type="b" name="show-external-devices">
      <default>false</default>
      <summary>Show External Devices</summary>
    </key>
    <key type="b" name="show-bookmarks">
      <default>false</default>
      <summary>Show Bookmarks</summary>
    </key>
    <key name="power-options" type="a(ib)">
      <default>[(0, true), (1, true), (2, true), (3, true), (4, false), (5, false), (6, false), (7, false)]</default>
      <summary>Power Options</summary>
    </key>
    <key name="power-display-style" enum="org.gnome.shell.extensions.arcmenu.power-display-style">
      <default>'Default'</default>
      <summary>Display type for power options</summary>
    </key>
    <key type="b" name="multi-monitor">
      <default>false</default>
      <summary>Display on all monitors</summary>
    </key>
    <key type="b" name="show-activities-button">
      <default>false</default>
      <summary>Show/Hide Activities Button in panel</summary>
    </key>
    <key name="arcmenu-hotkey" type="as">
      <default>['Super_L']</default>
      <summary>Keybind to open ArcMenu</summary>
    </key>
    <key name="runner-hotkey" type="as">
      <default>[]</default>
      <summary>Keybind to open standalone runner menu. Setting a keybind enables the standalone runner menu.</summary>
    </key>
    <key type="b" name="hotkey-open-primary-monitor">
      <default>false</default>
      <summary>Show ArcMenu on primary monitor when using hotkey</summary>
    </key>
    <key type="b" name="runner-hotkey-open-primary-monitor">
      <default>false</default>
      <summary>Show standalone Runner menu on primary monitor when using hotkey</summary>
    </key>
    <key name="position-in-panel" enum="org.gnome.shell.extensions.arcmenu.menu-position">
      <default>'Left'</default>
      <summary>The menu position in the panel</summary>
    </key>
    <key name="runner-position" enum="org.gnome.shell.extensions.arcmenu.runner-position">
      <default>'Top'</default>
      <summary>Runner Menu Position</summary>
    </key>
    <key name="runner-search-display-style" enum="org.gnome.shell.extensions.arcmenu.search-display-style">
      <default>'List'</default>
      <summary>Runner Search Display Style</summary>
    </key>
    <key name="menu-button-appearance" enum="org.gnome.shell.extensions.arcmenu.menu-button-appearance">
      <default>'Icon'</default>
      <summary>Appearance of the menu button.</summary>
    </key>
      <key name="avatar-style" enum="org.gnome.shell.extensions.arcmenu.avatar-style">
      <default>'Round'</default>
      <summary>Appearance of the avatar icon.</summary>
    </key>
    <key name="menu-item-icon-size" enum="org.gnome.shell.extensions.arcmenu.icon-sizes">
      <default>'Default'</default>
      <summary>Size of the menu items icon.</summary>
    </key>
    <key name="menu-item-category-icon-size" enum="org.gnome.shell.extensions.arcmenu.icon-sizes">
      <default>'Default'</default>
      <summary>Size of the category icons.</summary>
    </key>
    <key name="menu-item-grid-icon-size" enum="org.gnome.shell.extensions.arcmenu.grid-icon-sizes">
      <default>'Default'</default>
      <summary>Size of the menu grid icons.</summary>
    </key>
    <key name="custom-grid-icon-size" type="a{si}">
      <default>{'width': 108, 'height': 108, 'iconSize': 62}</default>
      <summary>Custom "grid icon" size (width, height, iconSize).</summary>
    </key>
    <key name="button-item-icon-size" enum="org.gnome.shell.extensions.arcmenu.icon-sizes">
      <default>'Default'</default>
      <summary>Size of the button items in ArcMenu.</summary>
    </key>
    <key name="misc-item-icon-size" enum="org.gnome.shell.extensions.arcmenu.icon-sizes">
      <default>'Default'</default>
      <summary>Size of misc items in ArcMenu.</summary>
    </key>
    <key name="quicklinks-item-icon-size" enum="org.gnome.shell.extensions.arcmenu.icon-sizes">
      <default>'Default'</default>
      <summary>Size of quicklink items in ArcMenu.</summary>
    </key>
    <key type="b" name="dash-to-panel-standalone">
      <default>false</default>
      <summary>Force placement of ArcMenu on GNOME top panel.</summary>
    </key>
    <key type="b" name="hide-overview-on-startup">
      <default>false</default>
      <summary>Hide overview on startup</summary>
    </key>
    <key type="s" name="custom-menu-button-text">
      <default>'Apps'</default>
      <summary>Text of the menu button.</summary>
    </key>
    <key name="menu-button-icon" enum="org.gnome.shell.extensions.arcmenu.menu-button-icon">
      <default>'Menu_Icon'</default>
      <summary>Icon type for the menu button.</summary>
    </key>
    <key name="arc-menu-icon" type="i">
      <default>0</default>
      <summary>Icon integer value for the menu button.</summary>
    </key>
    <key name="distro-icon" type="i">
      <default>0</default>
      <summary>Distro icon integer value for the menu button.</summary>
    </key>
    <key type="s" name="custom-menu-button-icon">
      <default>''</default>
      <summary>File path of the custom icon for the menu button.</summary>
    </key>
    <key type="d" name="custom-menu-button-icon-size">
      <default>20</default>
      <summary>Size of the menu buton icon.</summary>
    </key>
    <key type="i" name="button-padding">
      <default>-1</default>
      <summary>Menu Button Padding.</summary>
    </key>
    <key type="i" name="menu-button-position-offset">
      <default>0</default>
      <summary>Menu button position offset for main panel</summary>
    </key>
    <key name="extra-categories" type="a(ib)">
      <default>[(0, true), (1, true), (2, false), (3, false), (4, false)]</default>
      <summary>Array of extra categories. See Constants.js - Categories</summary>
    </key>
    <key name="arcmenu-extra-categories-links" type="a(ib)">
      <default>[(0, false), (1, false), (2, false), (3, false), (4, false)]</default>
      <summary>Array of extra categories links for ArcMenu layout. See Constants.js - Categories</summary>
    </key>
    <key enum="org.gnome.shell.extensions.arcmenu.menuitem-location" name="arcmenu-extra-categories-links-location">
      <default>'Bottom'</default>
      <summary>Display extra categories quick links on ArcMenu Layout home page</summary>
    </key>
    <key name="recently-installed-apps" type="as">
      <default>[]</default>
      <summary>List of recently installed apps</summary>
    </key>
    <key type="i" name="sleek-layout-panel-width">
      <default>225</default>
      <summary>Sleek layout right panel width.</summary>
    </key>
    <child name='pinned-apps-folders' schema='org.gnome.shell.extensions.arcmenu.pinned-apps-folders'/>
    <key name="pinned-apps" type="aa{ss}">
      <default> 
        [
          {'id': 'firefox.desktop'}, 
          {'id': 'org.gnome.Nautilus.desktop'}, 
          {'id': 'org.gnome.Terminal.desktop'},
          {'id': 'gnome-extensions prefs arcmenu@arcmenu.com', 'name': 'ArcMenu Settings', 'icon': 'ArcMenu_ArcMenuIcon'}
        ] 
      </default>
      <summary>Pinned Apps</summary>
    </key>
    <key name="directory-shortcuts" type="aa{ss}">
      <default>
        [
          {'id': 'ArcMenu_Home', 'name': 'Home', 'icon': 'ArcMenu_Home'},
          {'id': 'ArcMenu_Documents', 'name': 'Documents', 'icon': 'ArcMenu_Documents'},
          {'id': 'ArcMenu_Downloads', 'name': 'Downloads', 'icon': 'ArcMenu_Downloads'},
          {'id': 'ArcMenu_Music', 'name': 'Music', 'icon': 'ArcMenu_Music'},
          {'id': 'ArcMenu_Pictures', 'name': 'Pictures', 'icon': 'ArcMenu_Pictures'},
          {'id': 'ArcMenu_Videos', 'name': 'Videos', 'icon': 'ArcMenu_Videos'}
        ]
      </default>
      <summary>Array of directory shortcuts data.</summary>
    </key>
    <key name="application-shortcuts" type="aa{ss}">
      <default>
        [
          {'id': 'ArcMenu_Software', 'name': 'Software'},
          {'id': 'org.gnome.Settings.desktop'},
          {'id': 'org.gnome.tweaks.desktop'},
          {'id': 'org.gnome.Terminal.desktop'},
          {'id': 'ArcMenu_ActivitiesOverview', 'name': 'Activities Overview', 'icon': 'view-fullscreen-symbolic'}
        ]
      </default>
      <summary>Array of application shortcuts data.</summary>
    </key>
    <key name="az-layout-extra-shortcuts" type="aa{ss}">
      <default>
        [
          {'id': 'org.gnome.Nautilus.desktop'},
          {'id': 'org.gnome.Terminal.desktop'},
          {'id': 'org.gnome.Settings.desktop'}
        ]
      </default>
      <summary>'AZ' layout extra shortcuts</summary>
    </key>
    <key name="brisk-layout-extra-shortcuts" type="aa{ss}">
      <default>
        [ 
          {'id': 'ArcMenu_Software', 'name': 'Software'},
          {'id': 'org.gnome.Settings.desktop'}
        ]
      </default>
      <summary>'Brisk' layout extra shortcuts</summary>
    </key>
    <key name="eleven-layout-extra-shortcuts" type="aa{ss}">
      <default>
        [
          {'id': 'org.gnome.Nautilus.desktop'},
          {'id': 'org.gnome.Terminal.desktop'},
          {'id': 'org.gnome.Settings.desktop'}
        ]
      </default>
      <summary>'11' layout extra shortcuts</summary>
    </key>
    <key name="insider-layout-extra-shortcuts" type="aa{ss}">
      <default>
        [
          {'id': 'org.gnome.Nautilus.desktop'},
          {'id': 'org.gnome.Terminal.desktop'},
          {'id': 'org.gnome.Settings.desktop'}
        ]
      </default>
      <summary>'Insider' layout extra shortcuts</summary>
    </key>
    <key name="mint-layout-extra-shortcuts" type="aa{ss}">
      <default>
        [ 
          {'id': 'firefox.desktop'},
          {'id': 'org.gnome.Terminal.desktop'},
          {'id': 'org.gnome.Settings.desktop'},
          {'id': 'ArcMenu_Software', 'name': 'Software'},
          {'id': 'org.gnome.Nautilus.desktop'},
          {'id': 'ArcMenu_Separator', 'name': 'Separator', 'icon': 'list-remove-symbolic'},
          {'id': 'ArcMenu_LogOut', 'name': 'Log Out...', 'icon': 'system-log-out-symbolic'},
          {'id': 'ArcMenu_Lock', 'name': 'Lock', 'icon': 'changes-prevent-symbolic'},
          {'id': 'ArcMenu_PowerOff', 'name': 'Power Off...', 'icon': 'system-shutdown-symbolic'}
        ]
      </default>
      <summary>'Mint' layout extra shortcuts</summary>
    </key>
    <key name="sleek-layout-extra-shortcuts" type="aa{ss}">
      <default>
        [
          {'id': 'ArcMenu_Home', 'name': 'Home', 'icon': 'ArcMenu_Home'},
          {'id': 'ArcMenu_Documents', 'name': 'Documents', 'icon': 'ArcMenu_Documents'},
          {'id': 'ArcMenu_Downloads', 'name': 'Downloads', 'icon': 'ArcMenu_Downloads'},
          {'id': 'ArcMenu_Music', 'name': 'Music', 'icon': 'ArcMenu_Music'},
          {'id': 'ArcMenu_Pictures', 'name': 'Pictures', 'icon': 'ArcMenu_Pictures'},
          {'id': 'ArcMenu_Software', 'name': 'Software'},
          {'id': 'org.gnome.Settings.desktop'},
          {'id': 'org.gnome.Terminal.desktop'}
        ]
      </default>
      <summary>'Sleek' layout extra shortcuts</summary>
    </key>
    <key name="unity-layout-extra-shortcuts" type="aa{ss}">
      <default>
        [
          {'id': 'ArcMenu_Home', 'name': 'Home', 'icon': 'ArcMenu_Home'},
          {'id': 'ArcMenu_Documents', 'name': 'Documents', 'icon': 'ArcMenu_Documents'},
          {'id': 'ArcMenu_Downloads', 'name': 'Downloads', 'icon': 'ArcMenu_Downloads'},
          {'id': 'ArcMenu_Software', 'name': 'Software'},
          {'id': 'org.gnome.Nautilus.desktop'},
          {'id': 'ArcMenu_Separator', 'name': 'Separator', 'icon': 'list-remove-symbolic'},
          {'id': 'ArcMenu_LogOut', 'name': 'Log Out...', 'icon': 'system-log-out-symbolic'},
          {'id': 'ArcMenu_Lock', 'name': 'Lock', 'icon': 'changes-prevent-symbolic'},
          {'id': 'ArcMenu_PowerOff', 'name': 'Power Off...', 'icon': 'system-shutdown-symbolic'}
        ]
      </default>
      <summary>'Unity' layout extra shortcuts</summary>
    </key>
    <key name="windows-layout-extra-shortcuts" type="aa{ss}">
      <default>
        [
          {'id': 'org.gnome.Nautilus.desktop'},
          {'id': 'org.gnome.Terminal.desktop'},
          {'id': 'org.gnome.Settings.desktop'}
        ]
      </default>
      <summary>'Windows' layout extra shortcuts</summary>
    </key>
    <key name="context-menu-items" type="aa{ss}">
      <default>
        [
          {'id': 'org.gnome.Extensions.desktop'},
          {'id': 'ArcMenu_Settings', 'name': 'ArcMenu Settings', 'icon': 'ArcMenu_ArcMenuIcon'},
          {'id': 'ArcMenu_PanelExtensionSettings', 'name': 'Panel Extension Settings', 'icon': 'application-x-addon-symbolic'},
          {'id': 'ArcMenu_Separator', 'name': 'Separator', 'icon': 'list-remove-symbolic'},
          {'id': 'ArcMenu_PowerOptions', 'name': 'Power Options', 'icon': 'system-shutdown-symbolic'},
          {'id': 'ArcMenu_ActivitiesOverview', 'name': 'Activities Overview', 'icon': 'view-fullscreen-symbolic'},
          {'id': 'ArcMenu_ShowDesktop', 'name': 'Show Desktop', 'icon': 'computer-symbolic'}
        ]
      </default>
      <summary>Context menu shortcut items</summary>
    </key>
    <!-- DEPRACATED -->
    <!-- Keep for one release in order to convert old setting to new setting format -->
    <key name="pinned-app-list" type="as">
      <default>[]</default>
      <summary>List of Apps Pinned to Menu</summary>
    </key>
    <key name="directory-shortcuts-list" type="aas">
      <default>[]</default>
      <summary>List of default directory paths used for links on the right side of ArcMenu</summary>
    </key>
    <key name="application-shortcuts-list" type="aas">
      <default>[]</default>
      <summary>List of default directory paths used for links on the right side of ArcMenu</summary>
    </key>
    <key name="az-extra-buttons" type="aas">
      <default>[]</default>
      <summary>List of AZ Layout extra buttons</summary>
    </key>
    <key name="eleven-extra-buttons" type="aas">
      <default>[]</default>
      <summary>List of Eleven Layout extra buttons</summary>
    </key>
    <key name="insider-extra-buttons" type="aas">
      <default>[]</default>
      <summary>List of Insider Layout extra buttons</summary>
    </key>
    <key name="windows-extra-buttons" type="aas">
      <default>[]</default>
      <summary>List of Windows Layout extra buttons</summary>
    </key>
    <key name="unity-extra-buttons" type="aas">
      <default>[]</default>
      <summary>List of Unity Layout extra buttons</summary>
    </key>
    <key name="brisk-extra-shortcuts" type="aas">
      <default>[]</default>
      <summary>List of Brisk Layout extra shortcuts</summary>
    </key>
    <key name="mint-extra-buttons" type="aas">
      <default>[]</default>
      <summary>List of Mint Layout extra buttons</summary>
    </key>
    <key name="context-menu-shortcuts" type="aas">
      <default>[]</default>
      <summary>List of shortcuts on ArcMenu button context menu</summary>
    </key>
    <!-- END DEPRACATED -->
    <key name="pop-folders-data" type="a{ss}">
      <default>{}</default>
      <summary>List of org.gnome.desktop.app-folders id:name</summary>
    </key>
    <key name="pop-default-view" type="s">
      <default>'Library Home'</default>
      <summary>The folder to display when opening the POP layout</summary>
    </key>
    <key name="prefs-visible-page" type="i">
      <default>0</default>
      <summary>Handles which page to open in ArcMenu Settings</summary>
    </key>
  </schema>
</schemalist>
