{
  "_generated": "Generated by SweetTooth, do not edit",
  "description": "Replacement of Alt-Tab, iterates through windows in a cover-flow manner.",
  "donations": {
    "github": "dsheeler",
    "liberapay": "dsheeler",
    "paypal": "DanielSheeler"
  },
  "gettext-domain": "CoverflowAltTab@palatis.blogspot.com",
  "name": "Coverflow Alt-Tab",
  "settings-schema": "org.gnome.shell.extensions.coverflowalttab",
  "shell-version": [
    "46"
  ],
  "url": "https://github.com/dsheeler/CoverflowAltTab",
  "uuid": "CoverflowAltTab@palatis.blogspot.com",
  "version": 73
}